1,4.832387599580586,4.832387599580586
2,9.700905525947192,4.868517926366606
3,14.566266054325132,4.8653605283779395
4,19.404683150605422,4.838417096280289
5,24.283529997969815,4.878846847364392
6,29.142631582865473,4.859101584895659
7,34.00534554464572,4.862713961780247
8,38.86245782574932,4.857112281103598
9,43.76905470935018,4.906596883600865
10,48.65678112861267,4.887726419262493
11,53.6262553330386,4.969474204425932
12,58.5664531716988,4.9401978386601995
13,63.46498196585396,4.89852879415516
14,68.3443463867093,4.879364420855351
15,73.21366088027143,4.869314493562127
16,78.05276171360548,4.839100833334042
17,82.92036425381956,4.867602540214084
18,87.76667004697056,4.846305793151005
19,92.67210794789169,4.9054379009211315
20,97.57344215237372,4.90133420448202
21,102.43646667623014,4.863024523856422
22,107.27897227067423,4.842505594444087
23,112.11114506493084,4.832172794256609
24,116.93890737167263,4.827762306741787
25,121.76763420130601,4.828726829633385
26,126.67449858314971,4.9068643818436986
27,131.56393700663915,4.889438423489433
28,136.38422010467596,4.820283098036806
29,141.27108042440145,4.8868603197254785
30,146.24807050540042,4.976990080998978
31,151.22470544645182,4.976634941051397
32,156.24670636816106,5.022000921709231
33,161.24193786052328,4.995231492362229
34,166.30644732850124,5.0645094679779445
35,171.35798553273176,5.05153820423053
36,176.44896632087887,5.090980788147104
37,181.5392608941235,5.090294573244621
38,186.60760653725166,5.068345643128159
39,191.67173258871085,5.064126051459186
40,196.76844440907269,5.096711820361832
41,201.92671657942267,5.158272170349978
42,207.1272929057888,5.20057632636612
43,212.30715519962868,5.17986229383987
44,217.41594006928506,5.1087848696563665
45,222.48699624170243,5.071056172417381
46,227.6164348813935,5.129438639691087
47,232.78215903170536,5.165724150311846
48,237.91471577284204,5.132556741136691
49,243.0709053832557,5.156189610413665
50,248.35333203728658,5.282426654030859
51,253.67761453530815,5.324282498021582
52,259.0536038792571,5.375989343948942
53,264.42498243725646,5.37137855799937
54,269.79328388306647,5.368301445810029
55,275.16537474845234,5.3720908653858865
56,280.57262189685446,5.407247148402093
57,286.03505980028837,5.462437903433909
58,291.53632008396903,5.501260283680637
59,297.0886462315059,5.552326147536859
60,302.66749052256574,5.578844291059872
61,308.2138873476378,5.546396825072059
62,313.7630101639696,5.549122816331841
63,319.3716876833232,5.608677519353563
64,325.04562505839635,5.673937375073137
65,330.7813073231682,5.735682264771841
66,336.55114518582167,5.769837862653425
67,342.34178449783275,5.790639312011054
68,348.1343931563208,5.792608658488054
69,353.95589092691955,5.821497770598732
70,359.77273345327905,5.8168425263594905
71,365.5847180665197,5.811984613240649
72,371.40903013946007,5.824312072940345
73,377.11295972097923,5.70392958151915
74,382.8215632585483,5.7086035375690365
75,388.51110731685486,5.689544058306589
76,394.1350180697245,5.6239107528695955
77,399.758069481582,5.623051411857567
78,405.39758993975624,5.639520458174201
79,411.043895140519,5.646305200762756
80,416.654667428533,5.610772288014006
81,422.249353701996,5.594686273462949
82,427.8612399037039,5.611886201707954
83,433.4906825396536,5.6294426359497205
84,439.0072870643114,5.516604524657822
85,444.4083134935794,5.401026429267959
86,449.80426726017157,5.395953766592205
87,455.14430021971845,5.3400329595469
88,460.4559943772582,5.311694157539771
89,465.7433315876304,5.2873372103722
90,470.93556725822026,5.192235670589868
91,476.1433004393906,5.207733181170332
92,481.33070752149285,5.187407082102267
93,486.4610259469063,5.130318425413446
94,491.6350727709729,5.174046824066607
95,496.73285949855637,5.097786727583447
96,501.8101013795314,5.077241880974988
97,506.8569336705791,5.0468322910477585
98,511.8708842412259,5.013950570646767
99,516.881256842573,5.010372601347056
100,521.8736031140635,4.992346271490537
101,526.9126816910251,5.039078576961629
102,531.9350457694567,5.022364078431551
103,536.9749820134348,5.039936243978159
104,542.0713783379397,5.09639632450485
105,547.2076393636385,5.1362610256987535
106,552.3411980078403,5.133558644201806
107,557.4552462235346,5.114048215694314
108,562.552353033843,5.097106810308428
109,567.636025469138,5.08367243529492
110,572.7681243034401,5.132098834302169
111,577.9166616277454,5.148537324305292
112,583.039326781974,5.122665154228566
113,588.1844476613711,5.145120879397151
114,593.3221752759448,5.137727614573684
115,598.4645773049477,5.142402029002985
116,603.609347527289,5.144770222341254
117,608.7678915230908,5.158543995801946
118,613.9368524594637,5.168960936372894
119,619.0803496572194,5.143497197755675
120,624.1289854513064,5.048635794087111
121,629.2426596232386,5.113674171932239
122,634.3672925298694,5.124632906630771
123,639.4781775335285,5.110885003659213
124,644.5988118090916,5.1206342755630505
125,649.6983988183575,5.099587009265988
126,654.8112699599423,5.1128711415847246
127,659.9352922091914,5.124022249249137
128,665.0878043613263,5.15251215213489
129,670.1544749862514,5.066670624925087
130,675.2707515639365,5.116276577685034
131,680.4242303677837,5.153478803847136
132,685.6186052574801,5.194374889696384
133,690.8254655481136,5.206860290633528
134,696.0500220850527,5.224556536939021
135,701.3155190868891,5.265497001836456
136,706.6315590236487,5.316039936759604
137,711.9683147125671,5.336755688918377
138,717.2749087448848,5.30659403231761
139,722.6102898992226,5.335381154337829
140,728.0305812013282,5.420291302105592
141,733.5015734900421,5.4709922887138625
142,738.9783199297738,5.476746439731695
143,744.4754783641588,5.497158434384987
144,750.0100780172363,5.5345996530775095
145,755.5946028536687,5.584524836432387
146,761.2233841617375,5.628781308068783
147,766.894553879097,5.671169717359429
148,772.5721440157838,5.67759013668687
149,778.216778439947,5.64463442416317
150,783.8933882382164,5.67660979826936
151,789.5413959461831,5.6480077079667375
152,795.1618077181977,5.620411772014546
153,800.7088861947379,5.547078476540314
154,806.2475930901876,5.538706895449622
155,811.8226432998266,5.575050209639006
156,817.4654320093817,5.642788709555175
157,823.1628720416567,5.697440032274885
158,828.896623721346,5.7337516796893375
159,834.6709753382415,5.77435161689553
160,840.4863324274567,5.815357089215114
161,846.2734828162093,5.787150388752554
162,851.960469075744,5.686986259534751
163,857.5400835848253,5.5796145090813
164,863.04311407081,5.503030485984679
165,868.5329019072317,5.489787836421638
166,873.9784139283106,5.445512021078911
167,879.3876767307792,5.409262802468577
168,884.8131853576476,5.425508626868426
169,890.2742160444899,5.461030686842245
170,895.6936008011295,5.419384756639583
171,901.1459357496317,5.4523349485021795
172,906.5136890815804,5.367753331948766
173,911.866736843866,5.35304776228558
174,917.1275477985241,5.260810954658152
175,922.352192375278,5.224644576753963
176,927.6211393874547,5.268947012176701
177,932.9182149755865,5.2970755881316975
178,938.2174443045963,5.299229329009819
179,943.5608700674399,5.343425762843545
180,948.8811370392855,5.320266971845573
181,954.1120145117826,5.230877472497114
182,959.3562905286932,5.244276016910559
183,964.5807770163088,5.224486487615609
184,969.8462195909165,5.265442574607632
185,975.0745897220397,5.2283701311232225
186,980.349217954049,5.274628232009249
187,985.6222129412217,5.272994987172728
188,990.9566815043257,5.334468563104029
189,996.3652552432603,5.4085737389345905
190,1001.8027721530171,5.437516909756795
191,1007.2372143811426,5.434442228125458
192,1012.6528158373171,5.4156014561745325
193,1018.0961317123223,5.443315875005199
194,1023.5564246904688,5.460292978146497
195,1029.0676256242161,5.511200933747249
196,1034.600163674958,5.532538050741672
197,1040.1394583004883,5.539294625530325
198,1045.6756951890154,5.536236888527157
199,1051.1969298781762,5.521234689160763
200,1056.6673630093564,5.470433131180186
201,1062.1097866054495,5.442423596092997
202,1067.5680615508381,5.458274945388769
203,1073.0719236413443,5.50386209050601
204,1078.6551967282244,5.583273086880065
205,1084.2771252660898,5.6219285378655055
206,1089.8926153991438,5.615490133053989
207,1095.4814735774012,5.588858178257433
208,1100.9788948432192,5.497421265817938
209,1106.4199784905343,5.441083647315107
210,1111.8995858352832,5.4796073447489935
211,1117.3399902092397,5.440404373956345
212,1122.7336712522106,5.393681042971003
213,1128.1180331643723,5.384361912161669
214,1133.5019750187018,5.383941854329638
215,1138.8551816723473,5.35320665364546
216,1144.1793255921511,5.32414391980376
217,1149.5300331045107,5.350707512359681
218,1154.9104877962523,5.380454691741502
219,1160.2705627908308,5.360074994578513
220,1165.6685745779534,5.398011787122675
221,1171.1014091403792,5.432834562425699
222,1176.465311225781,5.36390208540172
223,1181.7231663420562,5.257855116275204
224,1187.0063594075111,5.283193065455024
225,1192.258475272412,5.252115864900786
226,1197.5583631803233,5.299887907911387
227,1202.925685608163,5.367322427839481
228,1208.3553476063923,5.429661998229356
229,1213.7562205885379,5.400872982145561
230,1219.1771241159352,5.420903527397373
231,1224.5915391519677,5.414415036032443
232,1230.0218134763397,5.4302743243719584
233,1235.4514958499296,5.429682373590024
234,1240.8687825131042,5.417286663174465
235,1246.3318124773143,5.463029964210247
236,1251.8398911893744,5.508078712059979
237,1257.355088575984,5.515197386609613
238,1262.895883887196,5.540795311212046
239,1268.4623793416445,5.566495454448315
240,1274.0764631366494,5.614083795004996
241,1279.701385290002,5.624922153352569
242,1285.341715609145,5.640330319143027
243,1290.9953858231142,5.653670213969303
244,1296.6766317298384,5.681245906724078
245,1302.3561915230214,5.679559793183019
246,1308.0110854572104,5.6548939341890865
247,1313.6452218701677,5.6341364129573215
248,1319.2969633026678,5.651741432500127
249,1324.8203545802703,5.5233912776024
250,1330.4156109052894,5.59525632501907
251,1336.027131306421,5.61152040113157
252,1341.6511775859378,5.624046279516728
253,1347.2915734061976,5.640395820259819
254,1352.9890056220677,5.697432215870197
255,1358.7527935396972,5.763787917629587
256,1364.5134277656425,5.760634225945188
257,1370.2604493414317,5.747021575789142
258,1375.9795142442608,5.719064902829207
259,1381.7045595902134,5.725045345952671
260,1387.3476046636454,5.643045073431911
261,1392.8168369769032,5.469232313257959
262,1398.284329951868,5.4674929749646015
263,1403.6999960468913,5.415666095023378
264,1409.1116466706944,5.411650623803172
265,1414.4630789455557,5.351432274861359
266,1419.758322356036,5.295243410480185
267,1425.00931894758,5.250996591544066
268,1430.239362483325,5.230043535745094
269,1435.52211391837,5.282751435044826
270,1440.7922347903243,5.270120871954397
271,1446.054649988049,5.262415197724799
272,1451.316135971658,5.261485983609042
273,1456.504699782002,5.1885638103440135
274,1461.6716562410775,5.166956459075512
275,1466.8549695864217,5.183313345344293
276,1472.102864220282,5.247894633860271
277,1477.3677659972993,5.264901777017205
278,1482.657901773564,5.290135776264561
279,1487.9526518371197,5.294750063555812
280,1493.1906385713855,5.2379867342658795
281,1498.4512074342538,5.260568862868259
282,1503.7740948648002,5.322887430546477
283,1509.104321217142,5.330226352341684
284,1514.4217165914424,5.317395374300509
285,1519.7521592166934,5.330442625250855
286,1525.1110036143266,5.358844397633225
287,1530.4499030708976,5.338899456571079
288,1535.8180819337588,5.36817886286125
289,1541.142364818628,5.324282884869301
290,1546.4437277741781,5.3013629555500374
291,1551.7965248090597,5.3527970348815765
292,1557.1868694416344,5.390344632574668
293,1562.6093514657032,5.422482024068747
294,1568.038739359937,5.429387894233749
295,1573.5003622668203,5.461622906883264
296,1578.9815592851692,5.4811970183488805
297,1584.54294251583,5.561383230660691
298,1590.0912105539387,5.5482680381088
299,1595.6500968439343,5.558886289995649
300,1601.1368800545677,5.486783210633441
301,1606.5176481666347,5.38076811206694
302,1611.8725337493725,5.3548855827378485
303,1617.1790102123957,5.306476463023252
304,1622.603481790708,5.424471578312231
305,1628.0059305444536,5.402448753745548
306,1633.4361567781423,5.430226233688681
307,1638.9241389457106,5.487982167568332
308,1644.35743115914,5.433292213429564
309,1649.8580935775674,5.5006624184272
310,1655.3807759940648,5.522682416497498
311,1660.881605692365,5.500829698300036
312,1666.3953610729793,5.513755380614361
313,1671.9065080858961,5.511147012916794
314,1677.393126641229,5.486618555332839
315,1682.7778422484705,5.38471560724147
316,1688.0733846371065,5.295542388636119
317,1693.2834491795343,5.210064542427647
318,1698.5028414447775,5.219392265243089
319,1703.6904491060232,5.187607661245723
320,1708.8760515611918,5.185602455168705
321,1714.070951077508,5.1948995163162275
322,1719.216681873238,5.145730795730065
323,1724.4064750158896,5.189793142651427
324,1729.6268274272688,5.220352411379368
325,1734.8718470486174,5.245019621348535
326,1740.1272699861622,5.255422937544878
327,1745.4085510328066,5.2812810466443665
328,1750.7463931163118,5.337842083505083
329,1756.0822303838563,5.335837267544467
330,1761.4726274821978,5.390397098341545
331,1766.8871685120275,5.41454102982971
332,1772.3095971894618,5.422428677434282
333,1777.7097612180544,5.40016402859254
334,1783.0897157321106,5.379954514056286
335,1788.524806904059,5.435091171948464
336,1793.9633472876653,5.438540383606287
337,1799.3965974770451,5.433250189379802
338,1804.8763668751621,5.4797693981170426
339,1810.333776573817,5.457409698654917
340,1815.8990528379106,5.5652762640936855
341,1821.426638251292,5.527585413381393
342,1826.9290563441475,5.502418092855527
343,1832.4336579717565,5.504601627608988
344,1837.9216373054803,5.487979333723878
345,1843.2711560560213,5.349518750540866
346,1848.614807072682,5.343651016660733
347,1853.898487601637,5.283680528955183
348,1859.2309679786015,5.332480376964437
349,1864.5805630809325,5.349595102331001
350,1869.8992555713173,5.318692490384807
351,1875.2958922275666,5.396636656249253
352,1880.6248145109207,5.328922283354026
353,1885.9125261577974,5.287711646876758
354,1891.2221887323058,5.309662574508308
355,1896.5311320043372,5.308943272031347
356,1901.915200768662,5.384068764324882
357,1907.277829411767,5.3626286431049195
358,1912.734704318391,5.45687490662418
359,1918.2469894406456,5.512285122254475
360,1923.7267362260518,5.479746785406144
361,1929.0814266829807,5.354690456928835
362,1934.4749313330653,5.393504650084564
363,1939.8356041455495,5.3606728124840854
364,1945.191025552016,5.355421406466501
365,1950.5215716235377,5.330546071521758
366,1955.8372252283748,5.315653604837081
367,1961.1668991588235,5.329673930448799
368,1966.5217769171672,5.3548777583438145
369,1971.8499742461,5.328197328932641
370,1977.137350040864,5.287375794764008
371,1982.4792501228092,5.341900081945032
372,1987.831233205745,5.351983082936008
373,1993.1897993608673,5.358566155122231
374,1998.5545539579555,5.364754597088222
375,2003.909833178018,5.355279220062695
376,2009.216811024645,5.306977846626957
377,2014.522980119011,5.306169094365898
378,2019.8146585300078,5.291678410996776
379,2025.0620517563766,5.2473932263688825
380,2030.376696974207,5.314645217830577
381,2035.7456340767355,5.3689371025283625
382,2041.1972170277165,5.451582950981086
383,2046.6891545413387,5.491937513622191
384,2052.2421719443214,5.553017402982724
385,2057.8765249220132,5.63435297769173
386,2063.574045680443,5.697520758429582
387,2069.2267617945763,5.652716114133642
388,2074.8201072860743,5.593345491497993
389,2080.402541064645,5.5824337785706915
390,2086.053924271578,5.651383206933103
391,2091.6952601448165,5.641335873238261
392,2097.369686329607,5.674426184790459
393,2102.994426360408,5.624740030801306
394,2108.5895689405897,5.595142580181743
395,2114.1815832671778,5.5920143265880595
396,2119.747964367665,5.566381100487402
397,2125.278791142532,5.5308267748670294
398,2130.798263303197,5.519472160665005
399,2136.358892571935,5.560629268737984
400,2141.965645070293,5.606752498357815
401,2147.534233942995,5.568588872702165
402,2153.1109797907716,5.576745847776552
403,2158.6696027034773,5.558622912705579
404,2164.254882706451,5.585280002974011
405,2169.8057954729315,5.550912766480674
406,2175.3583663012214,5.552570828289764
407,2181.0033626096474,5.644996308426021
408,2186.658258989576,5.654896379928886
409,2192.2736203174545,5.615361327878336
410,2197.937912313541,5.664291996086509
411,2203.52635836368,5.588446050139274
412,2209.120071718783,5.593713355102946
413,2214.68391582723,5.563844108447141
414,2220.2038059715824,5.519890144352188
415,2225.578180576456,5.374374604873673
416,2230.9286601514195,5.350479574963533
417,2236.2440634203836,5.31540326896386
418,2241.695083797069,5.451020376685328
419,2247.1599588150743,5.46487501800544
420,2252.6185703164815,5.4586115014073355
421,2258.1261940044214,5.507623687940134
422,2263.6189002216233,5.492706217201868
423,2269.0942491421374,5.4753489205142305
424,2274.484996493027,5.390747350889967
425,2279.9100226206237,5.425026127596565
426,2285.3787865951654,5.468763974541588
427,2290.8597153530127,5.480928757847462
428,2296.3527475720743,5.493032219061837
429,2301.818206921593,5.465459349519016
430,2307.2639096327966,5.445702711203598
431,2312.679479314207,5.415569681410504
432,2318.091540501827,5.412061187619836
433,2323.590461271237,5.498920769410255
434,2329.1659402217847,5.57547895054788
435,2334.804650728363,5.638710506578457
436,2340.3668857411903,5.562235012827192
437,2345.7839569496737,5.417071208483278
438,2351.160647549062,5.376690599388445
439,2356.520490754217,5.359843205154977
440,2361.8871633877734,5.366672633556273
441,2367.3104627893963,5.423299401623004
442,2372.7717923591804,5.461329569783977
443,2378.273190519231,5.50139816005057
444,2383.7821196526515,5.5089291334204935
445,2389.326698831544,5.544579178892621
446,2394.8656331025145,5.538934270970581
447,2400.432225648038,5.566592545523475
448,2405.9725050347793,5.540279386741054
449,2411.4548311094004,5.482326074621075
450,2416.920446357223,5.465615247822953
451,2422.373283372371,5.452837015147952
452,2427.8850557975734,5.511772425202315
453,2433.44183496415,5.556779166576544
454,2439.0197703251747,5.577935361024586
455,2444.573397692859,5.553627367684478
456,2450.08100800915,5.507610316290955
457,2455.587655083604,5.506647074454126
458,2461.0066976309395,5.419042547335143
459,2466.4331162409967,5.426418610057026
460,2471.8396738265706,5.406557585573926
461,2477.2030832886103,5.363409462039721
462,2482.5837995255715,5.380716236961056
463,2487.908842495816,5.325042970244357
464,2493.1719541872244,5.263111691408397
465,2498.452388887632,5.2804347004075485
466,2503.813127420169,5.360738532537245
467,2509.2069585032527,5.393831083083502
468,2514.663448540835,5.456490037581998
469,2520.1796077725216,5.516159231686651
470,2525.7516247937747,5.572017021253039
471,2531.316711319875,5.5650865261006635
472,2536.89277369466,5.576062374784544
473,2542.501818552648,5.609044857987801
474,2548.1276051458235,5.625786593175686
475,2553.7645787055526,5.63697355972886
476,2559.4232483123787,5.658669606826179
477,2565.1306810587257,5.70743274634675
478,2570.8246355108795,5.693954452153771
479,2576.500823126118,5.676187615238644
480,2582.132934309838,5.632111183720157
481,2587.730731437877,5.5977971280385646
482,2593.323221767037,5.592490329160055
483,2598.9435529503708,5.620331183333633
484,2604.587355366508,5.6438024161370715
485,2610.221455019205,5.634099652697297
486,2615.8617306569095,5.640275637704237
487,2621.573369620755,5.711638963845324
488,2627.3414667493,5.7680971285448015
489,2633.156274935023,5.814808185723055
490,2639.015477341142,5.85920240611926
491,2644.9565080531224,5.941030711980644
492,2650.8360330215805,5.87952496845795
493,2656.6833218656375,5.84728884405673
494,2662.506435899746,5.823114034108681
495,2668.3485096898135,5.842073790067566
496,2674.2082368500223,5.859727160209083
497,2680.075363088569,5.867126238546512
498,2685.9219764218633,5.846613333294508
499,2691.772780366161,5.850803944297571
500,2697.4877169785873,5.714936612426513
501,2703.072694622037,5.584977643449587
502,2708.683696722117,5.611002100079953
503,2714.1967094281363,5.513012706019082
504,2719.658409716935,5.461700288798337
505,2725.1210711385825,5.462661421647631
506,2730.618553071164,5.497481932581874
507,2736.0595117847697,5.4409587136055215
508,2741.4343182977364,5.3748065129666776
509,2746.800101883704,5.3657835859675655
510,2752.157589749623,5.357487865919058
511,2757.5565657033535,5.398975953730537
512,2762.9282272503438,5.371661546990195
513,2768.3005794647233,5.372352214379453
514,2773.6320875355136,5.331508070790373
515,2779.0104295871392,5.378342051625507
516,2784.3262236757623,5.315794088623247
517,2789.6677037303857,5.341480054623329
518,2795.0540943731794,5.386390642793466
519,2800.4111621560473,5.357067782868155
520,2805.7887855851527,5.3776234291055705
521,2811.1524022996973,5.363616714544621
522,2816.511768609562,5.3593663098646545
523,2821.8752498320428,5.363481222480978
524,2827.273450007099,5.398200175056344
525,2832.6779373713166,5.404487364217253
526,2838.0960966320777,5.418159260761112
527,2843.53636890434,5.440272272262587
528,2849.0682942519315,5.531925347591172
529,2854.7324107029176,5.6641164509862785
530,2860.477718881312,5.745308178394395
531,2866.2844577597516,5.806738878439658
532,2872.1179143362247,5.83345657647322
533,2877.907212193796,5.78929785757123
534,2883.620870855596,5.713658661799646
535,2889.2622426423763,5.641371786780541
536,2894.9219253597207,5.659682717344218
537,2900.640374400323,5.718449040601993
538,2906.3523532637996,5.711978863476895
539,2912.1089192131344,5.7565659493349015
540,2917.8937764977477,5.7848572846130795
541,2923.616712978697,5.722936480949066
542,2929.3210556781173,5.704342699420611
543,2935.0241805440187,5.703124865901344
544,2940.695098381316,5.670917837296926
545,2946.340022376725,5.644923995409247
546,2951.9967981249915,5.656775748266591
547,2957.612026869157,5.615228744165456
548,2963.2273824645335,5.6153555953763385
549,2968.794123208838,5.566740744304396
550,2974.369871296293,5.57574808745477
551,2979.9194633512575,5.549592054964626
552,2985.482876907882,5.563413556624534
553,2990.901213745375,5.418336837493105
554,2996.312816639674,5.411602894299123
555,3001.6536249647415,5.340808325067587
556,3007.0271067303574,5.373481765616013
557,3012.2934010880504,5.266294357693029
558,3017.5460201664287,5.252619078378526
559,3022.7943311508243,5.2483109843958395
560,3028.0690667329354,5.274735582110952
561,3033.2860778079385,5.21701107500298
562,3038.4952027827517,5.209124974813085
563,3043.7147644270412,5.219561644289663
564,3048.909809533506,5.195045106465041
565,3054.043716600245,5.13390706673843
566,3059.1462004159116,5.102483815666933
567,3064.256413573642,5.11021315773041
568,3069.353227202546,5.096813628904013
569,3074.4551036597304,5.10187645718435
570,3079.557407516877,5.102303857146601
571,3084.648706682427,5.0912991655498425
572,3089.693179886569,5.044473204142019
573,3094.789785355774,5.096605469204988
574,3099.909815719845,5.120030364071324
575,3104.9893225945225,5.079506874677447
576,3110.025915319442,5.036592724919296
577,3115.028854909294,5.002939589851978
578,3120.048498934956,5.019644025662136
579,3125.06433862551,5.015839690553956
580,3130.0843348635617,5.019996238051647
581,3135.0693883005047,4.985053436943085
582,3140.0399178959065,4.970529595401709
583,3144.974672030778,4.934754134871623
584,3149.945170952638,4.970498921859719
585,3154.831776798487,4.886605845849175
586,3159.7095833701046,4.87780657161725
587,3164.5943110659073,4.884727695802646
588,3169.4371778901404,4.842866824233233
589,3174.292041287575,4.854863397434649
590,3179.1579017313657,4.8658604437905275
591,3184.0229860605837,4.8650843292180355
592,3188.906863668164,4.8838776075802075
593,3193.760745199036,4.853881530872254
594,3198.5878276637036,4.827082464667656
595,3203.44550359109,4.85767592738666
596,3208.2538699728757,4.808366381785681
597,3213.0697894752007,4.815919502325091
598,3217.8622902774005,4.792500802199914
599,3222.7562576602395,4.89396738283889
600,3227.701198700721,4.944941040481546
601,3232.6972001086356,4.996001407914899
602,3237.6581471592244,4.9609470505886915
603,3242.6574483723966,4.999301213172263
604,3247.674673714049,5.017225341652091
605,3252.769343759455,5.094670045406017
606,3257.896090321654,5.126746562198973
607,3262.986227033282,5.0901367116279195
608,3268.0342365654997,5.048009532217853
609,3273.133725736055,5.099489170555508
610,3278.2386053123464,5.104879576291153
611,3283.3394217693926,5.10081645704637
612,3288.39014194695,5.050720177557417
613,3293.489438729316,5.0992967823662
614,3298.6553134547767,5.165874725460459
615,3303.8414836742545,5.186170219477702
616,3309.0564410918314,5.2149574175770335
617,3314.288632993735,5.232191901903466
618,3319.5783610659905,5.2897280722554285
619,3324.794914169287,5.216553103296717
620,3330.0084972692202,5.213583099933297
621,3335.2306348061384,5.222137536917939
622,3340.474430022321,5.243795216182876
623,3345.755453383495,5.2810233611739035
624,3350.980747611395,5.225294227900014
625,3356.240264936861,5.25951732546572
626,3361.5279053652034,5.287640428342603
627,3366.7755679355064,5.247662570302878
628,3372.0686490785956,5.2930811430891564
629,3377.3012672736245,5.2326181950287065
630,3382.5028375496286,5.201570276004088
631,3387.679538918367,5.17670136873866
632,3392.838271155909,5.158732237541719
633,3398.015338374052,5.17706721814314
634,3403.19261595213,5.177277578077691
635,3408.4092988100474,5.2166828579174425
636,3413.5532476133717,5.143948803324237
637,3418.7489939938846,5.195746380513094
638,3423.925266631643,5.176272637758308
639,3429.080752005067,5.1554853734239945
640,3434.191094549348,5.110342544280707
641,3439.3430963886085,5.152001839260498
642,3444.4950685749277,5.151972186319257
643,3449.6055687366174,5.110500161689905
644,3454.706563139659,5.100994403041437
645,3459.790494662748,5.0839315230890785
646,3464.8197141904284,5.029219527679986
647,3469.880002134183,5.0602879437548305
648,3474.924985459457,5.044983325273889
649,3480.0088146336607,5.0838291742037605
650,3485.150807341103,5.1419927074422676
651,3490.328556994446,5.1777496533431675
652,3495.525999592602,5.1974425981563765
653,3500.7496682046176,5.223668612015266
654,3505.9495025332963,5.199834328678744
655,3511.1585293931334,5.2090268598370555
656,3516.3732062852396,5.214676892106254
657,3521.5928545305287,5.219648245288921
658,3526.654266125993,5.061411595464704
659,3531.724134189547,5.069868063553578
660,3536.8394810524715,5.115346862924594
661,3541.9282802592584,5.088799206786736
662,3547.0513055847896,5.1230253255312945
663,3552.122136140725,5.070830555935493
664,3557.2007050477237,5.078568906998696
665,3562.3590684471105,5.158363399386703
666,3567.5037098987573,5.144641451646788
667,3572.615218890917,5.111508992159476
668,3577.738117940832,5.122899049915229
669,3582.857191505809,5.1190735649772465
670,3588.0719330197467,5.214741513937557
671,3593.2984982150565,5.226565195309856
672,3598.5990731456154,5.300574930558777
673,3603.8447715712728,5.245698425657147
674,3609.147302907041,5.302531335768444
675,3614.4708835532124,5.323580646171321
676,3619.781505753684,5.3106222004718395
677,3625.0406150675435,5.259109313859547
678,3630.3377816115435,5.2971665439999
679,3635.642703319496,5.304921707952243
680,3640.961636116796,5.318932797300116
681,3646.2793978375344,5.317761720738578
682,3651.607841629382,5.3284437918479375
683,3656.8994658098254,5.291624180443367
684,3662.14516629453,5.245700484704762
685,3667.399659486246,5.254493191715791
686,3672.6528934300713,5.253233943825357
687,3677.8654508503155,5.212557420244105
688,3683.1518269920384,5.286376141722961
689,3688.3042312432076,5.152404251168967
690,3693.4880687935297,5.183837550322143
691,3698.691284558988,5.20321576545828
692,3703.913230587932,5.221946028944094
693,3709.133473287828,5.220242699896073
694,3714.420715950555,5.2872426627268805
695,3719.713086148834,5.292370198278928
696,3725.0355627501585,5.322476601324646
697,3730.400710508234,5.3651477580755165
698,3735.717553444071,5.31684293583716
699,3741.00687158773,5.289318143659075
700,3746.300343676009,5.293472088278935
701,3751.613967916557,5.313624240548002
702,3756.942422763176,5.328454846618931
703,3762.2611069486475,5.3186841854711435
704,3767.591098976799,5.329992028151578
705,3772.865133751861,5.274034775061847
706,3778.1389232331535,5.273789481292543
707,3783.46200063149,5.323077398336455
708,3788.748850914284,5.286850282794118
709,3794.0487494736726,5.299898559388376
710,3799.404356531299,5.355607057626408
711,3804.7395240013398,5.335167470040592
712,3810.0038273277614,5.264303326421723
713,3815.267054562928,5.263227235166658
714,3820.493297204638,5.226242641710209
715,3825.694114334378,5.200817129739962
716,3830.9370884048108,5.242974070432876
717,3836.1935990652614,5.256510660450844
718,3841.4188004039393,5.225201338678042
719,3846.5889204206715,5.170120016732116
720,3851.7441318488195,5.155211428147827
721,3856.8531451256786,5.109013276859157
722,3861.9210664291973,5.067921303518869
723,3866.941835188606,5.020768759408696
724,3871.9752671165766,5.03343192797053
725,3876.968115927087,4.9928488105108375
726,3881.9957976361634,5.02768170907632
727,3887.021205436454,5.025407800290365
728,3892.0168749009836,4.995669464529759
729,3897.0862470062266,5.069372105243078
730,3902.1820897999037,5.095842793677292
731,3907.2755910214255,5.093501221521809
732,3912.3936894494564,5.1180984280309305
733,3917.54076570769,5.147076258233484
734,3922.7735299392766,5.232764231586557
735,3927.992653265395,5.2191233261184
736,3933.265603301074,5.272950035678845
737,3938.5137868378115,5.2481835367376455
738,3943.7628812886683,5.249094450856689
739,3949.0551805106516,5.292299221983242
740,3954.3427945704507,5.287614059798922
741,3959.651076572921,5.308282002470231
742,3964.980926677493,5.329850104572071
743,3970.3215639593896,5.340637281896572
744,3975.665139047761,5.343575088371243
745,3981.005813802089,5.3406747543281154
746,3986.3746154661985,5.368801664109628
747,3991.7573833729443,5.382767906745966
748,3997.1229491216695,5.365565748725265
749,4002.440366524889,5.3174174032194905
750,4007.7400459789737,5.299679454084361
751,4013.0299675054953,5.289921526521576
752,4018.309531499775,5.279563994279662
753,4023.6527140124945,5.3431825127193795
754,4028.9566621865,5.303948174005488
755,4034.249686431873,5.293024245373029
756,4039.5767454488937,5.327059017020677
757,4044.9426860244057,5.36594057551214
758,4050.229622663697,5.28693663929094
759,4055.4989294542297,5.269306790533123
760,4060.7797928022624,5.280863348032862
761,4065.95977279671,5.179979994447542
762,4071.1269956865713,5.167222889861464
763,4076.2874658924056,5.1604702058343275
764,4081.4611079782194,5.1736420858136745
765,4086.697030328071,5.235922349851534
766,4091.8958093932306,5.198779065159549
767,4097.037264968235,5.141455575004093
768,4102.110409030255,5.073144062020413
769,4107.190440894041,5.080031863786169
770,4112.2142268870075,5.02378599296624
771,4117.244359944709,5.030133057701728
772,4122.237322363244,4.9929624185350745
773,4127.271969320491,5.034646957246629
774,4132.278798458272,5.00682913778105
775,4137.32027478601,5.041476327737924
776,4142.422709739901,5.102434953890736
777,4147.490737552562,5.068027812661276
778,4152.555232534373,5.064494981811913
779,4157.5977958763815,5.042563342008516
780,4162.617707516478,5.019911640096229
781,4167.645316488739,5.027608972260889
782,4172.687594074186,5.042277585446804
783,4177.6765154359055,4.98892136171974
784,4182.661726286921,4.98521085101601
785,4187.598738681546,4.937012394624407
786,4192.516641504059,4.917902822513737
787,4197.428495047269,4.911853543210157
788,4202.313922156389,4.8854271091191235
789,4207.170749931019,4.856827774630073
790,4212.086665015066,4.9159150840469
791,4217.0743923330065,4.98772731794064
792,4222.030004932065,4.955612599058134
793,4226.9751597434115,4.9451548113466695
794,4231.910337089459,4.935177346047833
795,4236.832736599991,4.9223995105322595
796,4241.833363013018,5.000626413027143
797,4246.89486262052,5.06149960750176
798,4251.945662892532,5.050800272011369
799,4256.971010960067,5.025348067535123
800,4262.030271267123,5.059260307055142
801,4267.097815191302,5.067543924179775
802,4272.184744918351,5.086929727048692
803,4277.236445287263,5.051700368913131
804,4282.271834012937,5.035388725673318
805,4287.311781908547,5.039947895610851
806,4292.31264674359,5.000864835043107
807,4297.4102575409115,5.097610797320993
808,4302.484465804661,5.074208263749409
809,4307.5467419031065,5.0622760984453254
810,4312.624140577848,5.077398674741932
811,4317.644646600081,5.02050602223227
812,4322.658251974289,5.013605374208332
813,4327.572138704869,4.913886730580436
814,4332.519343364499,4.947204659630151
815,4337.448360842176,4.92901747767668
816,4342.419351691028,4.970990848852514
817,4347.320770237704,4.901418546676194
818,4352.256035903803,4.935265666099417
819,4357.211182442163,4.955146538358931
820,4362.152846157357,4.941663715194235
821,4367.078923837555,4.926077680197747
822,4372.061210728297,4.98228689074219
823,4377.108733095642,5.047522367344448
824,4382.181398683341,5.072665587699977
825,4387.280863958802,5.099465275460858
826,4392.417000955045,5.136136996242962
827,4397.55024207642,5.1332411213743425
828,4402.719510793646,5.169268717225901
829,4407.9143185943285,5.194807800682468
830,4413.129341566366,5.215022972037532
831,4418.372021751145,5.242680184779984
832,4423.634345813911,5.262324062765752
833,4428.940604413468,5.306258599556659
834,4434.27493481883,5.334330405362489
835,4439.636142285988,5.361207467158283
836,4445.050083139183,5.413940853194463
837,4450.4589926796825,5.408909540499674
838,4455.8794190640565,5.420426384374075
839,4461.299827624696,5.420408560639642
840,4466.656143723768,5.356316099071237
841,4472.025611322235,5.369467598467367
842,4477.465935045381,5.440323723146528
843,4482.961163495195,5.495228449813609
844,4488.523912990833,5.562749495637965
845,4494.154256117076,5.63034312624328
846,4499.79302371648,5.638767599403754
847,4505.383962581322,5.590938864841344
848,4510.877480200804,5.49351761948209
849,4516.355387202939,5.4779070021347405
850,4521.804232636586,5.448845433647143
851,4527.161762666215,5.357530029629224
852,4532.54602629728,5.384263631065559
853,4537.943158037259,5.397131739979104
854,4543.302308290338,5.3591502530792585
855,4548.619296258831,5.316987968493131
856,4553.90208695663,5.282790697798847
857,4559.202687613836,5.300600657205872
858,4564.496686562954,5.293998949118148
859,4569.7354370375115,5.238750474557604
860,4575.037797061315,5.302360023803825
861,4580.319608528988,5.281811467672999
862,4585.595105899407,5.2754973704185195
863,4590.893889219411,5.2987833200044
864,4596.130000386554,5.236111167142265
865,4601.327443727053,5.197443340499777
866,4606.525019343894,5.197575616841388
867,4611.636086255112,5.111066911217772
868,4616.739502295337,5.103416040225484
869,4621.797199572195,5.057697276857731
870,4626.8302233308395,5.033023758645175
871,4631.896673944336,5.066450613496497
872,4636.856961460643,4.960287516307475
873,4641.821308773957,4.964347313314138
874,4646.839446267349,5.018137493391352
875,4651.881595728661,5.042149461312023
876,4656.834678315847,4.953082587186393
877,4661.712060953448,4.877382637600839
878,4666.600629259725,4.88856830627739
879,4671.405849712914,4.805220453189
880,4676.273795543694,4.867945830780262
881,4681.077890882425,4.804095338731125
882,4685.9738361971895,4.895945314764854
883,4690.803753977825,4.829917780636065
884,4695.7095548615025,4.90580088367755
885,4700.579939211279,4.870384349776617
886,4705.528370236686,4.948431025406275
887,4710.584658056984,5.0562878202985
888,4715.684023542053,5.099365485069231
889,4720.739429129575,5.055405587521664
890,4725.791204647946,5.051775518370845
891,4730.865046014842,5.07384136689588
892,4735.8868698624665,5.021823847624122
893,4740.96122071608,5.07435085361313
894,4746.03167200315,5.070451287069425
895,4751.15293162975,5.121259626600521
896,4756.2565670778395,5.103635448089378
897,4761.33942000087,5.082852923029954
898,4766.3722825252335,5.032862524363363
899,4771.333948735164,4.961666209930486
900,4776.261191732756,4.92724299759171
901,4781.117056357739,4.855864624983339
902,4785.978401975997,4.861345618258258
903,4790.892749125963,4.914347149965618
904,4795.805170860629,4.912421734666457
905,4800.7077822218935,4.902611361264531
906,4805.594604994738,4.886822772844091
907,4810.494221262221,4.899616267482779
908,4815.4124676456495,4.918246383428637
909,4820.343864632554,4.931396986904703
910,4825.236294501274,4.892429868720017
911,4830.125089636819,4.888795135545922
912,4835.046787080021,4.921697443202215
913,4840.007995435342,4.961208355321219
914,4845.004840752483,4.9968453171407585
915,4850.023110941453,5.018270188970181
916,4855.007752961254,4.984642019801302
917,4859.988857500061,4.981104538808091
918,4864.961533052373,4.972675552311123
919,4869.911474400908,4.949941348535617
920,4874.878891104769,4.967416703860631
921,4879.876075357531,4.997184252762374
922,4884.881815469049,5.005740111518188
923,4889.934609238607,5.052793769558173
924,4895.0139958910095,5.079386652402965
925,4900.121112409359,5.107116518349122
926,4905.1536266228995,5.032514213540329
927,4910.301625954834,5.147999331934572
928,4915.491188286171,5.189562331336402
929,4920.639896998257,5.148708712086786
930,4925.716629955283,5.076732957025327
931,4930.819554625658,5.102924670375645
932,4936.030234605646,5.210679979987521
933,4941.172381213704,5.142146608057913
934,4946.316465652534,5.144084438829671
935,4951.511065382507,5.194599729973039
936,4956.641676895182,5.130611512675383
937,4961.8033579178045,5.161681022622476
938,4966.960290117988,5.156932200182891
939,4972.175209753231,5.214919635242888
940,4977.34584993016,5.170640176928451
941,4982.551206193548,5.205356263388575
942,4987.815663069125,5.264456875576996
943,4993.062365979277,5.246702910152466
944,4998.298801869579,5.236435890301101
945,5003.472914128788,5.174112259208977
946,5008.62078057937,5.147866450582011
947,5013.798248193059,5.177467613689688
948,5019.071276752053,5.273028558993355
949,5024.40604330527,5.334766553216978
950,5029.721029099882,5.314985794611803
951,5035.095331661195,5.374302561313305
952,5040.448447663263,5.353116002068152
953,5045.698472486356,5.250024823092997
954,5050.946915713094,5.248443226737907
955,5056.106634996333,5.159719283238501
956,5061.246158631467,5.139523635133199
957,5066.434798457168,5.1886398257008315
958,5071.616455619476,5.181657162308094
959,5076.8263969018635,5.209941282387306
960,5082.031929334248,5.205532432384229
961,5087.226042304618,5.194112970370444
962,5092.409702843435,5.183660538817188
963,5097.63206609701,5.222363253574046
964,5102.885767596194,5.253701499183929
965,5108.148656106554,5.262888510360592
966,5113.434785260294,5.286129153740047
967,5118.663138319662,5.22835305936785
968,5123.894626216001,5.231487896338662
969,5129.013928468343,5.119302252342274
970,5134.148366901278,5.134438432935
971,5139.264902097448,5.116535196170199
972,5144.3899003248125,5.124998227364559
973,5149.506826649943,5.116926325130809
974,5154.632067357895,5.1252407079520585
975,5159.868588008356,5.236520650460854
976,5165.174712946057,5.306124937701933
977,5170.543676696578,5.368963750520455
978,5175.970186288213,5.426509591635108
979,5181.416880672949,5.446694384736911
980,5186.848699508455,5.431818835505504
981,5192.266691544874,5.417992036419891
982,5197.739762336912,5.47307079203727
983,5203.256040452498,5.516278115587059
984,5208.818810464509,5.562770012010684
985,5214.407613711488,5.588803246978884
986,5220.011241443995,5.603627732506124
987,5225.632369086149,5.621127642154124
988,5231.282341874968,5.649972788818208
989,5236.915082790468,5.6327409155000945
990,5242.502190067113,5.587107276644554
991,5248.094867478468,5.592677411355223
992,5253.617515104899,5.522647626431729
993,5259.140124284231,5.5226091793321554
994,5264.602606478453,5.462482194221472
995,5270.019015126103,5.416408647650368
996,5275.468153184281,5.4491380581779385
997,5280.915782906783,5.447629722502335
998,5286.456054792684,5.540271885901383
999,5292.033647533179,5.577592740495072
1000,5297.542334693947,5.508687160768546
1001,5303.009438586267,5.467103892319819
1002,5308.468355033444,5.458916447177494
1003,5313.857965745671,5.389610712227048
1004,5319.226394416453,5.368428670782166
1005,5324.639496632297,5.41310221584382
1006,5330.001796457683,5.362299825385683
1007,5335.311610703683,5.3098142460001325
1008,5340.50383486544,5.192224161757066
1009,5345.6728187941235,5.168983928683904
1010,5350.860500065597,5.187681271474046
1011,5355.978881084091,5.118381018493459
1012,5361.08315450057,5.104273416479575
1013,5366.234475466808,5.1513209662383375
1014,5371.35348461974,5.1190091529315325
1015,5376.468896696034,5.115412076294382
1016,5381.4838201599805,5.0149234639463
1017,5386.507135382742,5.023315222760708
1018,5391.4863359018855,4.97920051914406
1019,5396.482872178631,4.996536276745053
1020,5401.487294091511,5.004421912880042
1021,5406.540629542041,5.053335450529434
1022,5411.521916173792,4.981286631751999
1023,5416.497777186128,4.975861012335167
1024,5421.405428206145,4.907651020017117
1025,5426.368238516763,4.962810310617743
1026,5431.419405215592,5.0511666988288155
1027,5436.498650545715,5.0792453301228475
1028,5441.671105426492,5.172454880777625
1029,5446.8790534320015,5.207948005509068
1030,5452.116965024097,5.237911592096192
1031,5457.384742537483,5.2677775133864415
1032,5462.619376480579,5.234633943096262
1033,5467.879333792383,5.2599573118030065
1034,5473.154269240492,5.274935448109203
1035,5478.422946218616,5.26867697812378
1036,5483.699997913573,5.277051694956465
1037,5489.050322355999,5.350324442426624
1038,5494.409792634024,5.359470278024547
1039,5499.751980893243,5.342188259219243
1040,5505.132144678577,5.380163785334298
1041,5510.562017038636,5.429872360059263
1042,5516.0509423365875,5.488925297951184
1043,5521.504969689674,5.454027353086923
1044,5526.974301726259,5.469332036584912
1045,5532.450997945945,5.476696219686769
1046,5537.933293469838,5.482295523892125
1047,5543.4365543892945,5.503260919456803
1048,5548.964292498285,5.527738108990504
1049,5554.526316571403,5.562024073117303
1050,5560.033037756262,5.506721184859367
1051,5565.541523478016,5.508485721753811
1052,5571.0824665436685,5.5409430656529235
1053,5576.6673770945345,5.584910550865908
1054,5582.29055492949,5.623177834955834
1055,5587.949753090587,5.659198161097024
1056,5593.613883087206,5.664129996618497
1057,5599.240333188794,5.626450101587784
1058,5604.8556704896755,5.615337300881694
1059,5610.426355935639,5.570685445963443
1060,5615.886663495589,5.460307559950677
1061,5621.37924550613,5.492582010540615
1062,5626.858049396022,5.478803889891544
1063,5632.261483853883,5.403434457861687
1064,5637.559566885949,5.29808303206534
1065,5642.894417349608,5.3348504636595955
1066,5648.187191313677,5.292773964069414
1067,5653.479910227027,5.292718913349849
1068,5658.6918607920525,5.211950565025497
1069,5663.845468087922,5.153607295869369
1070,5668.999205744501,5.153737656578307
1071,5674.101129453727,5.101923709225818
1072,5679.14900096215,5.0478715084237935
1073,5684.17492657868,5.025925616530323
1074,5689.142276598044,4.9673500193643205
1075,5694.0401283901865,4.897851792142229
1076,5698.868897477456,4.828769087269297
1077,5703.690549024852,4.821651547396376
1078,5708.559290538029,4.8687415131769445
1079,5713.4136562357535,4.854365697724277
1080,5718.257643028858,4.84398679310434
1081,5723.148673487538,4.891030458679531
1082,5728.1050107310975,4.956337243559503
1083,5732.983535882389,4.878525151291404
1084,5737.899382524996,4.915846642606712
1085,5742.8596255821785,4.960243057182453
1086,5747.825839249573,4.966213667394614
1087,5752.813354735205,4.98751548563295
1088,5757.797588757582,4.984234022377154
1089,5762.761459978199,4.96387122061656
1090,5767.849558751457,5.088098773257817
1091,5772.961765006316,5.112206254859751
1092,5778.0195364209285,5.0577714146123345
1093,5783.071638395592,5.052101974664269
1094,5788.217682162815,5.146043767223065
1095,5793.388593030831,5.1709108680150715
1096,5798.611791230711,5.223198199880641
1097,5803.899565281607,5.28777405089535
1098,5809.211759704211,5.312194422604349
1099,5814.376147672292,5.164387968081113
1100,5819.494719231289,5.118571558997361
1101,5824.675485529648,5.180766298358479
1102,5829.861356209468,5.18587067982048
1103,5834.975490879542,5.114134670074497
1104,5840.036626013219,5.061135133676182
1105,5845.026846045718,4.99022003249995
1106,5850.0185205835705,4.991674537852534
1107,5854.939823444182,4.921302860612238
1108,5859.861819752043,4.921996307860287
1109,5864.828122642326,4.966302890283624
1110,5869.754223793529,4.926101151202658
1111,5874.7079402584095,4.953716464881299
1112,5879.604326694774,4.896386436363735
1113,5884.5192492323895,4.9149225376160635
1114,5889.410549927305,4.891300694914963
1115,5894.345459607361,4.934909680056009
1116,5899.260170744341,4.914711136980399
1117,5904.193331771186,4.933161026845636
1118,5909.210050733533,5.01671896234578
1119,5914.143990193548,4.933939460015338
1120,5919.087285478657,4.9432952851088325
1121,5923.993848856583,4.906563377926281
1122,5928.938527176941,4.944678320357826
1123,5933.931338455105,4.992811278164066
1124,5939.019724689925,5.088386234820412
1125,5944.10314930955,5.083424619624233
1126,5949.195723814895,5.0925745053452784
1127,5954.375242774946,5.179518960050813
1128,5959.568799314351,5.1935565394053445
1129,5964.7653540465335,5.196554732182766
1130,5970.035429585656,5.270075539122519
1131,5975.251116009888,5.2156864242323415
1132,5980.47428825592,5.22317224603229
1133,5985.654328971498,5.180040715577626
1134,5990.790536248579,5.136207277080612
1135,5995.874751591223,5.084215342643642
1136,6000.972449735192,5.097698143969185
1137,6006.063529933789,5.0910801985972105
1138,6011.144871548874,5.081341615084596
1139,6016.210146938943,5.065275390068283
1140,6021.275511805997,5.065364867053741
1141,6026.348613627149,5.073101821152041
1142,6031.407422067378,5.058808440229919
1143,6036.458600653125,5.051178585747117
1144,6041.469328003147,5.010727350021245
1145,6046.569215587312,5.099887584165115
1146,6051.6742418393305,5.105026252018071
1147,6056.745892236588,5.071650397257588
1148,6061.761413304717,5.015521068129961
1149,6066.761623978685,5.000210673967478
1150,6071.8395660087635,5.077942030078498
1151,6076.935466844135,5.095900835371349
1152,6082.047868070095,5.112401225960824
1153,6087.181434438384,5.133566368288518
1154,6092.33493502767,5.153500589286466
1155,6097.475106024493,5.140170996822464
1156,6102.601657776484,5.1265517519912756
1157,6107.761488644208,5.159830867724267
1158,6112.934784770141,5.1732961259326675
1159,6118.083111299235,5.14832652909369
1160,6123.240150425462,5.157039126227886
1161,6128.4459821576465,5.205831732184272
1162,6133.664451646257,5.218469488609667
1163,6138.89992398612,5.235472339862646
1164,6144.091798752993,5.191874766873748
1165,6149.273859229482,5.182060476488893
1166,6154.435521860794,5.161662631312989
1167,6159.616784847164,5.181262986369501
1168,6164.7987521017085,5.181967254544583
1169,6170.022260437195,5.223508335486046
1170,6175.2455085987685,5.2232481615735615
1171,6180.468706839893,5.223198241124209
1172,6185.641574061703,5.172867221810379
1173,6190.905662671852,5.264088610149091
1174,6196.200025113714,5.294362441861978
1175,6201.597109108309,5.397083994595336
1176,6207.061600492886,5.464491384576627
1177,6212.577018444327,5.515417951440987
1178,6218.063645824444,5.486627380116996
1179,6223.561127090319,5.4974812658749075
1180,6228.980714059471,5.419586969152014
1181,6234.384387835641,5.403673776169818
1182,6239.753566813881,5.369178978239955
1183,6245.171222620751,5.417655806869937
1184,6250.57522046889,5.403997848138955
1185,6255.962299390462,5.387078921572409
1186,6261.390067875382,5.4277684849192545
1187,6266.843470586372,5.453402710990417
1188,6272.327782934392,5.4843123480206675
1189,6277.846916396058,5.519133461666059
1190,6283.387438220143,5.540521824085149
1191,6288.985800111659,5.59836189151601
1192,6294.5988537465855,5.6130536349268905
1193,6300.236738669743,5.637884923157451
1194,6305.908764810509,5.672026140765804
1195,6311.56407009425,5.655305283741415
1196,6317.233841430295,5.669771336044062
1197,6322.902202050306,5.6683606200109695
1198,6328.565603264633,5.663401214326711
1199,6334.24246151436,5.67685824972709
1200,6339.795508632857,5.553047118496337
1201,6345.387889155642,5.592380522786012
1202,6351.033128713776,5.6452395581340244
1203,6356.681823083489,5.648694369712592
1204,6362.428559112467,5.746736028978105
1205,6368.135427035983,5.706867923516232
1206,6373.73813678144,5.6027097454566235
1207,6379.378385636179,5.6402488547395375
1208,6384.942931040063,5.564545403884427
1209,6390.470634036993,5.527702996930036
1210,6395.972675686587,5.502041649593515
1211,6401.484021932434,5.511346245847863
1212,6406.960766294162,5.476744361727112
1213,6412.412142810552,5.451376516390131
1214,6417.829946800221,5.417803989668304
1215,6423.218767231792,5.388820431571316
1216,6428.64603541922,5.427268187428258
1217,6434.084765671637,5.438730252416618
1218,6439.454314398212,5.369548726575147
1219,6444.810219375487,5.355904977275099
1220,6450.121793294869,5.3115739193824885
1221,6455.44223964694,5.320446352070276
1222,6460.741769858089,5.2995302111495155
1223,6466.003726414816,5.261956556726745
1224,6471.286222293405,5.282495878589186
1225,6476.543878778507,5.257656485101579
1226,6481.745188890159,5.201310111651865
1227,6486.958755647924,5.21356675776485
1228,6492.1873481568955,5.228592508971908
1229,6497.405543668723,5.218195511828057
1230,6502.605127671795,5.1995840030726175
1231,6507.73217498872,5.127047316924159
1232,6512.844342006411,5.11216701769164
1233,6517.96060003189,5.116258025478537
1234,6523.076288942239,5.115688910349484
1235,6528.155511350941,5.079222408701798
1236,6533.246449181983,5.090937831041641
1237,6538.396764387123,5.150315205139594
1238,6543.534726378501,5.13796199137752
1239,6548.712843766003,5.178117387502322
1240,6553.8799286918575,5.1670849258547635
1241,6559.053913969529,5.173985277671682
1242,6564.178965229241,5.125051259711387
1243,6569.282577672921,5.103612443680204
1244,6574.370305401779,5.087727728857375
1245,6579.51291055495,5.142605153172044
1246,6584.67111703172,5.158206476769714
1247,6589.7811114255055,5.109994393784809
1248,6594.940322247955,5.159210822449817
1249,6600.132874212229,5.192551964273722
1250,6605.333912529981,5.2010383177517845
1251,6610.524056923205,5.190144393223711
1252,6615.68064579952,5.156588876315592
1253,6620.822203640481,5.1415578409615055
1254,6625.942317481962,5.1201138414804435
1255,6631.069932195885,5.1276147139222195
1256,6636.225708950699,5.155776754814862
1257,6641.385084663041,5.159375712342295
1258,6646.567162942928,5.182078279886539
1259,6651.716652460317,5.149489517388985
1260,6656.826344631881,5.109692171563115
1261,6661.948619378742,5.122274746861403
1262,6667.150585601047,5.201966222305492
1263,6672.341803095551,5.191217494503397
1264,6677.558722906591,5.21691981104038
1265,6682.772334535947,5.213611629355769
1266,6687.940366995309,5.1680324593614575
1267,6693.019652314625,5.079285319315754
1268,6698.155722506628,5.136070192003094
1269,6703.267948227881,5.11222572125319
1270,6708.353900797941,5.08595257005955
1271,6713.4076854537625,5.053784655821443
1272,6718.425934562646,5.018249108883519
1273,6723.447856162532,5.021921599886128
1274,6728.561804394953,5.113948232420429
1275,6733.664777251128,5.102972856174863
1276,6738.761942131544,5.097164880415925
1277,6743.87702810839,5.115085976846283
1278,6748.970857682333,5.093829573943339
1279,6754.113036378703,5.142178696370481
1280,6759.257801804678,5.144765425974991
1281,6764.458180143969,5.20037833929067
1282,6769.6929446739105,5.23476452994127
1283,6774.9154194207285,5.222474746818063
1284,6780.042686355737,5.127266935008154
1285,6785.224500842963,5.181814487226219
1286,6790.411965074947,5.187464231984228
1287,6795.573053106545,5.161088031597318
1288,6800.758583643446,5.185530536901977
1289,6805.87172187104,5.1131382275936055
1290,6810.969710087617,5.097988216577923
1291,6816.09338566532,5.123675577702285
1292,6821.1956132152345,5.102227549914247
1293,6826.336022517884,5.140409302649656
1294,6831.489358120226,5.153335602342138
1295,6836.6018755428095,5.112517422583851
1296,6841.6910269509535,5.089151408144438
1297,6846.8153487637555,5.124321812801638
1298,6851.921367644556,5.106018880800205
1299,6857.047701396963,5.126333752407219
1300,6862.195646320247,5.147944923284053
1301,6867.338195618707,5.142549298459481
1302,6872.451758460715,5.113562842008229
1303,6877.58820205023,5.136443589515874
1304,6882.745618647363,5.157416597132561
1305,6887.835650526977,5.090031879613477
1306,6892.968073653444,5.132423126467427
1307,6898.094228106632,5.126154453188192
1308,6903.168813567928,5.074585461296374
1309,6908.200925765712,5.03211219778443
1310,6913.229191204271,5.028265438559076
1311,6918.357233917454,5.128042713183054
1312,6923.45908686881,5.101852951355607
1313,6928.53922379568,5.080136926870161
1314,6933.573196180602,5.033972384921812
1315,6938.608971278525,5.035775097922752
1316,6943.668870699068,5.059899420543211
1317,6948.706087932844,5.037217233775302
1318,6953.777165055076,5.071077122231835
1319,6958.805322279516,5.028157224439987
1320,6963.738458192333,4.933135912817121
1321,6968.763812094447,5.025353902113676
1322,6973.792164974654,5.028352880207428
1323,6978.853870678488,5.061705703834633
1324,6983.949950267638,5.096079589150039
1325,6989.066703056541,5.116752788902961
1326,6994.182705093739,5.116002037198422
1327,6999.307529014407,5.12482392066768
1328,7004.442695910922,5.135166896514931
1329,7009.595547930165,5.152852019242018
1330,7014.69201228656,5.096464356395734
1331,7019.813826176519,5.121813889958575
1332,7025.013140732224,5.1993145557052465
1333,7030.211816491501,5.1986757592765915
1334,7035.377100863513,5.1652843720119375
1335,7040.485707297781,5.1086064342680295
1336,7045.517146113265,5.03143881548347
1337,7050.60760534222,5.090459228955172
1338,7055.8357058872825,5.228100545062556
1339,7061.077381481694,5.241675594411239
1340,7066.281190591464,5.203809109770533
1341,7071.497533181592,5.21634259012777
1342,7076.720959973879,5.223426792286992
1343,7081.938531351947,5.217571378067815
1344,7087.203116103465,5.264584751517707
1345,7092.424675040157,5.2215589366924755
1346,7097.673166865519,5.248491825362393
1347,7102.8849019225545,5.211735057035023
1348,7108.135680247308,5.250778324754003
1349,7113.425279716138,5.28959946882949
1350,7118.72596308726,5.300683371122449
1351,7124.006104851688,5.2801417644281194
1352,7129.312391233399,5.306286381710538
1353,7134.579366390616,5.266975157217659
1354,7139.823068587776,5.24370219715996
1355,7145.11624255725,5.293173969473989
1356,7150.467037698061,5.350795140810888
1357,7155.8734473737395,5.40640967567846
1358,7161.2200118077735,5.3465644340339775
1359,7166.575906677385,5.355894869612248
1360,7171.953698275731,5.377791598345115
1361,7177.261638705313,5.3079404295824855
1362,7182.525392488034,5.2637537827211505
1363,7187.8736413736415,5.348248885607295
1364,7193.188692867656,5.315051494014022
1365,7198.451542787965,5.262849920308907
1366,7203.590170730649,5.13862794268383
1367,7208.703578549414,5.113407818763834
1368,7213.786947009522,5.083368460108137
1369,7218.835473494026,5.0485264845033795
1370,7223.900594960597,5.065121466571744
1371,7228.907229924314,5.006634963716878
1372,7233.872962739876,4.965732815561657
1373,7238.861573573655,4.9886108337788135
1374,7243.916163575009,5.054590001354369
1375,7248.877547248526,4.961383673517058
1376,7253.828904513793,4.95135726526692
1377,7258.841949525044,5.013045011251115
1378,7263.854491209591,5.012541684547194
1379,7268.870240301512,5.015749091921376
1380,7273.861130199673,4.990889898161381
1381,7278.939336765249,5.078206565575541
1382,7283.9762903093015,5.0369535440523965
1383,7289.082374909974,5.106084600671984
1384,7294.153399151251,5.071024241276944
1385,7299.279985668691,5.126586517440028
1386,7304.364838911087,5.084853242396485
1387,7309.448523160418,5.0836842493306085
1388,7314.518112034185,5.06958887376734
1389,7319.6336518708395,5.115539836654486
1390,7324.6780259360385,5.04437406519925
1391,7329.669448518211,4.991422582171901
1392,7334.6985604968395,5.029111978629086
1393,7339.795291536172,5.096731039332645
1394,7344.961450031322,5.166158495149692
1395,7350.172848984618,5.211398953296076
1396,7355.451711475606,5.278862490987722
1397,7360.762272849279,5.310561373672808
1398,7366.069219724588,5.306946875308803
1399,7371.448733119656,5.379513395068375
1400,7376.822913319738,5.374180200081854
1401,7382.253701619712,5.4307882999735195
1402,7387.6118026471695,5.358101027457546
1403,7393.027233033223,5.415430386053641
1404,7398.449061137273,5.4218281040506655
1405,7403.87563121563,5.426570078357457
1406,7409.276407255087,5.4007760394574085
1407,7414.668826931718,5.392419676631152
1408,7420.072373072477,5.403546140758755
1409,7425.50273632655,5.430363254073013
1410,7430.98013097646,5.477394649910217
1411,7436.449805912249,5.469674935789096
1412,7441.922055911024,5.4722499987748865
1413,7447.347978477089,5.425922566065615
1414,7452.835828897171,5.487850420081952
1415,7458.3653924758855,5.529563578714116
1416,7463.879196097481,5.5138036215962165
1417,7469.3339325399265,5.454736442444771
1418,7474.807276549058,5.4733440091312415
1419,7480.319690912782,5.512414363724371
1420,7485.864957541001,5.545266628219361
1421,7491.329838450499,5.464880909497434
1422,7496.796520063761,5.4666816132625415
1423,7502.234908032284,5.438387968522947
1424,7507.676786126037,5.441878093753084
1425,7513.1147952976735,5.438009171636841
1426,7518.5509169155475,5.436121617873943
1427,7523.987135542099,5.436218626551327
1428,7529.365099723514,5.377964181414537
1429,7534.791678845052,5.426579121538506
1430,7540.1580333753855,5.366354530333021
1431,7545.547313804378,5.3892804289923095
1432,7550.9442274984285,5.396913694050758
1433,7556.334892117287,5.390664618859153
1434,7561.756130138797,5.421238021509078
1435,7567.13483875002,5.3787086112232405
1436,7572.4845871655225,5.3497484155024795
1437,7577.709337968003,5.224750802480041
1438,7582.8659230496005,5.156585081598151
1439,7587.9712189000675,5.105295850467352
1440,7593.084156927452,5.11293802738421
1441,7598.224442214034,5.1402852865817446
1442,7603.360609226329,5.136167012295405
1443,7608.500932058515,5.140322832185664
1444,7613.629783456993,5.128851398478166
1445,7618.706551061707,5.0767676047131065
1446,7623.775151938263,5.068600876556496
1447,7628.83761562904,5.062463690776523
1448,7633.90537288055,5.0677572515106
1449,7638.974677365566,5.069304485015813
1450,7644.163437457198,5.188760091631493
1451,7649.280063085251,5.116625628053262
1452,7654.416334536193,5.136271450941893
1453,7659.450940694081,5.034606157887196
1454,7664.48868728172,5.037746587639349
1455,7669.568424473295,5.079737191575302
1456,7674.584556860532,5.0161323872367305
1457,7679.662239135485,5.077682274952639
1458,7684.706199027046,5.043959891561019
1459,7689.680312752123,4.974113725077219
1460,7694.72204456214,5.041731810016044
1461,7699.763783342466,5.041738780326399
1462,7704.89872685634,5.134943513873675
1463,7710.048221485093,5.149494628752818
1464,7715.280054449044,5.2318329639508745
1465,7720.40647826885,5.126423819806101
1466,7725.517109763711,5.110631494861138
1467,7730.620192779835,5.103083016123787
1468,7735.6780728080685,5.057880028234142
1469,7740.713656275496,5.035583467427806
1470,7745.805088740533,5.091432465037685
1471,7751.00199179077,5.196903050236952
1472,7756.181148457626,5.179156666855126
1473,7761.382859652644,5.201711195017874
1474,7766.633612194019,5.250752541375721
1475,7771.913843805366,5.280231611346166
1476,7777.221703622,5.307859816634108
1477,7782.532969615467,5.311265993466796
1478,7787.89093019403,5.357960578563645
1479,7793.256334372781,5.3654041787508024
1480,7798.636135451458,5.379801078678122
1481,7804.006851302966,5.370715851507905
1482,7809.360901171648,5.354049868681225
1483,7814.794257896277,5.433356724628653
1484,7820.208293167812,5.414035271535575
1485,7825.738862295153,5.5305691273410424
1486,7831.313514178842,5.574651883689036
1487,7836.929788134368,5.616273955526899
1488,7842.535834520592,5.606046386223747
1489,7848.160417124173,5.6245826035814135
1490,7853.720836365863,5.560419241689196
1491,7859.23728143801,5.516445072147105
1492,7864.801169524033,5.563888086022936
1493,7870.435616148342,5.634446624308816
1494,7876.08425395898,5.648637810638583
1495,7881.7695025177045,5.685248558724439
1496,7887.449308621376,5.679806103672028
1497,7893.092874407449,5.643565786073039
1498,7898.629991625486,5.537117218036669
1499,7904.118004171509,5.488012546023393
1500,7909.656619842763,5.538615671253546
1501,7915.228259086258,5.571639243495556
1502,7920.835326841268,5.6070677550108075
1503,7926.427701031375,5.592374190106925
1504,7931.939440642143,5.511739610768314
1505,7937.38894460433,5.44950396218666
1506,7942.776924345344,5.387979741013922
1507,7948.15664494398,5.379720598635739
1508,7953.555749340393,5.399104396412931
1509,7958.9264547661915,5.370705425798652
1510,7964.285547386506,5.359092620313872
1511,7969.534468271353,5.248920884847801
1512,7974.78828922348,5.253820952127127
1513,7980.047886056239,5.259596832758758
1514,7985.303394901046,5.2555088448073395
1515,7990.574556560957,5.271161659910463
1516,7995.762856919489,5.188300358532593
1517,8000.967200355298,5.204343435808632
1518,8006.14887359001,5.181673234712583
1519,8011.299457505277,5.150583915267174
1520,8016.436179629913,5.13672212463563
1521,8021.658212263562,5.22203263364888
1522,8026.859395460652,5.201183197090027
1523,8032.085225693741,5.225830233088817
1524,8037.333964896306,5.248739202564272
1525,8042.5952244692,5.261259572893969
1526,8047.86441899387,5.269194524670142
1527,8053.183310215429,5.318891221559382
1528,8058.491712340467,5.308402125037976
1529,8063.788085803123,5.296373462656119
1530,8069.143113519855,5.355027716732329
1531,8074.533530680686,5.3904171608312605
1532,8080.005037249928,5.4715065692417095
1533,8085.463814896217,5.458777646288678
1534,8090.977705080973,5.513890184755561
1535,8096.460190636345,5.482485555372212
1536,8102.024432440241,5.564241803896492
1537,8107.584692966197,5.56026052595578
1538,8113.186282616186,5.6015896499890925
1539,8118.8064290257435,5.620146409557473
1540,8124.421259913224,5.614830887480394
1541,8130.047950458665,5.626690545440557
1542,8135.659366455714,5.611415997049235
1543,8141.226092583193,5.566726127478951
1544,8146.732797526744,5.5067049435515365
1545,8152.25529456712,5.522497040374919
1546,8157.821709976994,5.566415409873818
1547,8163.429422621743,5.607712644748989
1548,8169.120639272033,5.691216650291151
1549,8174.842967303357,5.722328031323782
1550,8180.575776965588,5.732809662231156
1551,8186.195220682619,5.619443717030568
1552,8191.762461108023,5.567240425403797
1553,8197.267314924075,5.504853816051981
1554,8202.725726641287,5.458411717211953
1555,8208.152567421557,5.42684078027002
1556,8213.595582218479,5.443014796921645
1557,8219.005787844442,5.410205625963972
1558,8224.455793226218,5.450005381774663
1559,8229.880458454549,5.424665228330352
1560,8235.26777559918,5.38731714463294
1561,8240.67403595368,5.406260354499506
1562,8246.042805057656,5.368769103976254
1563,8251.41710697851,5.3743019208540295
1564,8256.801695264818,5.38458828630848
1565,8262.185816895537,5.384121630718894
1566,8267.553828199463,5.368011303926795
1567,8272.923549954176,5.369721754712624
1568,8278.286024710149,5.362474755974109
1569,8283.59216410686,5.306139396710812
1570,8288.886354357854,5.29419025099345
1571,8294.081484852793,5.195130494939177
1572,8299.269086793825,5.187601941031252
1573,8304.48306589012,5.213979096293115
1574,8309.706622224434,5.223556334315124
1575,8314.987244443508,5.2806222190734715
1576,8320.289480675086,5.3022362315783695
1577,8325.619528534597,5.330047859510635
1578,8331.011171403277,5.391642868681201
1579,8336.388951566338,5.377780163060587
1580,8341.725301628347,5.336350062009142
1581,8347.059379243941,5.334077615595136
1582,8352.389461050025,5.330081806083893
1583,8357.720543145191,5.331082095166658
1584,8363.029685335097,5.3091421899062095
1585,8368.329657473963,5.299972138866598
1586,8373.527177534781,5.19752006081686
1587,8378.769716966892,5.242539432111404
1588,8384.01563599775,5.245919030859004
1589,8389.257799375007,5.242163377257118
1590,8394.488775538293,5.23097616328534
1591,8399.683514179678,5.194738641384191
1592,8405.017494698819,5.333980519141106
1593,8410.342461235903,5.324966537083953
1594,8415.666709244579,5.324248008675006
1595,8421.025720953345,5.3590117087665465
1596,8426.380038707664,5.354317754319563
1597,8431.740954205465,5.3609154977995415
1598,8437.093870375975,5.352916170509196
1599,8442.471888148984,5.378017773010268
1600,8447.921342270667,5.449454121682948
1601,8453.406104881366,5.484762610698285
1602,8458.89956736911,5.4934624877440426
1603,8464.471495941298,5.5719285721886225
1604,8470.078631299242,5.607135357944248
1605,8475.6350369844,5.556405685158494
1606,8481.12525280811,5.490215823708326
1607,8486.604771730375,5.479518922266233
1608,8492.117152479228,5.512380748851718
1609,8497.635533789206,5.518381309978303
1610,8503.19768330542,5.562149516213366
1611,8508.780963799429,5.583280494009943
1612,8514.36564599994,5.584682200511102
1613,8519.818283036651,5.452637036710382
1614,8525.19245548226,5.374172445608419
1615,8530.466097427647,5.2736419453863785
1616,8535.747793374685,5.2816959470382345
1617,8541.064785832446,5.316992457760904
1618,8546.433633309814,5.368847477368398
1619,8551.775273534875,5.341640225060818
1620,8557.157216570171,5.381943035295115
1621,8562.54259283786,5.3853762676894945
1622,8567.939576176106,5.396983338245045
1623,8573.342645394694,5.403069218587332
1624,8578.761898773853,5.419253379158686
1625,8584.156958186064,5.395059412209895
1626,8589.593156824865,5.436198638800837
1627,8595.023083520387,5.429926695522602
1628,8600.491652068718,5.468568548331138
1629,8605.949634241402,5.457982172684524
1630,8611.42519929775,5.475565056346985
1631,8616.803329246857,5.378129949107332
1632,8622.15416841124,5.3508391643829984
1633,8627.476137222202,5.321968810962719
1634,8632.771578532278,5.295441310075211
1635,8638.025468476018,5.253889943740293
1636,8643.292266090331,5.266797614313328
1637,8648.62950606381,5.337239973477484
1638,8654.048122723749,5.418616659939234
1639,8659.371374086657,5.323251362907676
1640,8664.687815239906,5.316441153248283
1641,8669.984192734335,5.296377494428565
1642,8675.299125317779,5.314932583442938
1643,8680.59176520368,5.292639885900947
1644,8685.810545044324,5.218779840643097
1645,8691.069081330512,5.258536286188974
1646,8696.335371060251,5.266289729740397
1647,8701.540177575052,5.204806514800747
1648,8706.781853577351,5.241676002298546
1649,8711.961159379514,5.179305802162365
1650,8717.163075796067,5.201916416552291
1651,8722.431809675023,5.26873387895726
1652,8727.699629035224,5.267819360200332
1653,8733.052230729589,5.352601694364671
1654,8738.338018470919,5.28578774132987
1655,8743.709366235316,5.371347764397263
1656,8749.10481303856,5.395446803244119
1657,8754.47931882566,5.374505787100509
1658,8759.75982351528,5.280504689619871
1659,8765.066696319149,5.306872803867979
1660,8770.38303451355,5.316338194401691
1661,8775.72821288778,5.345178374228795
1662,8781.110299241976,5.382086354197547
1663,8786.527504769012,5.417205527034996
1664,8791.979723689561,5.452218920549334
1665,8797.409419664764,5.429695975202785
1666,8802.756705562288,5.347285897524178
1667,8808.167134544376,5.410428982088747
1668,8813.618199802757,5.451065258381076
1669,8819.096172548125,5.4779727453675235
1670,8824.598934017984,5.502761469859145
1671,8830.109518833453,5.510584815469188
1672,8835.66872455053,5.559205717077043
1673,8841.240123848045,5.571399297514096
1674,8846.834228879314,5.594105031268341
1675,8852.420864837424,5.586635958110188
1676,8858.020498860642,5.5996340232169475
1677,8863.590471068972,5.569972208330176
1678,8869.165104211357,5.574633142384482
1679,8874.727002888758,5.56189867740155
1680,8880.25268615364,5.525683264882592
1681,8885.706204263262,5.453518109621936
1682,8891.155429630317,5.449225367054059
1683,8896.586495051977,5.431065421660526
1684,8902.015883624908,5.429388572931001
1685,8907.48172433858,5.465840713672755
1686,8912.95660294106,5.474878602479321
1687,8918.44941211693,5.492809175869837
1688,8923.96046506562,5.5110529486901125
1689,8929.459990667738,5.499525602116815
1690,8934.97110884579,5.51111817805176
1691,8940.39718638758,5.426077541789335
1692,8945.81311484303,5.415928455449369
1693,8951.26954470829,5.456429865261234
1694,8956.630472206456,5.360927498165661
1695,8961.949617742506,5.319145536049774
1696,8967.342928971992,5.393311229485557
1697,8972.766465502142,5.423536530150723
1698,8978.225760890156,5.459295388015473
1699,8983.737003402222,5.511242512066627
1700,8989.287479873123,5.5504764709005405
1701,8994.905278497034,5.617798623911241
1702,9000.58950224129,5.684223744255874
1703,9006.295709451699,5.706207210409342
1704,9012.01811738601,5.722407934310648
1705,9017.748564485664,5.730447099655785
1706,9023.491448551511,5.742884065846999
1707,9029.212160411465,5.720711859955271
1708,9034.910863761706,5.6987033502416935
1709,9040.606985197963,5.696121436255865
1710,9046.374774411534,5.767789213570993
1711,9052.179094547864,5.804320136330669
1712,9057.979378010466,5.800283462602397
1713,9063.759920128683,5.780542118216218
1714,9069.529749412099,5.76982928341533
1715,9075.235801578356,5.706052166256839
1716,9080.961889358872,5.726087780516993
1717,9086.653694513421,5.691805154549861
1718,9092.346727910483,5.693033397061846
1719,9097.994025444661,5.647297534179236
1720,9103.676555266587,5.68252982192595
1721,9109.40633717554,5.7297819089529956
1722,9115.210755270842,5.804418095301586
1723,9120.94922013996,5.73846486911807
1724,9126.715507021949,5.766286881988524
1725,9132.458664224665,5.74315720271545
1726,9138.25000564906,5.791341424396531
1727,9144.035772706613,5.785767057551691
1728,9149.80949646148,5.773723754865939
1729,9155.62882309177,5.819326630291469
1730,9161.447405357498,5.818582265726833
1731,9167.248478385907,5.801073028409562
1732,9173.008557070545,5.760078684637898
1733,9178.726873833275,5.718316762730561
1734,9184.410267751713,5.683393918437714
1735,9190.059586492793,5.649318741079157
1736,9195.698154992331,5.638568499537952
1737,9201.270141451558,5.571986459226895
1738,9206.690273577064,5.420132125506409
1739,9212.20053511417,5.510261537107579
1740,9217.711980517835,5.5114454036651015
1741,9223.186915642638,5.4749351248023554
1742,9228.682818611582,5.495902968943761
1743,9234.181476736116,5.498658124534585
1744,9239.636798943593,5.45532220747811
1745,9245.08272751022,5.445928566627466
1746,9250.512063060356,5.429335550135555
1747,9255.881030020138,5.3689669597823135
1748,9261.2244256389,5.343395618762403
1749,9266.540168347765,5.315742708865299
1750,9271.803933697476,5.263765349711826
1751,9276.993709580844,5.189775883366904
1752,9282.288729389593,5.2950198087495375
1753,9287.544801902695,5.256072513101885
1754,9292.796302165996,5.251500263300274
1755,9298.075428271426,5.279126105429985
1756,9303.307037621571,5.231609350145086
1757,9308.572808386574,5.2657707650031735
1758,9313.848748634582,5.275940248008085
1759,9319.16482097601,5.316072341427831
1760,9324.479756523737,5.314935547726448
1761,9329.826759307904,5.347002784166883
1762,9335.229893653119,5.403134345215283
1763,9340.668030216357,5.438136563237905
1764,9346.23583299737,5.567802781013022
1765,9351.81641800601,5.580585008639714
1766,9357.404725628867,5.58830762285649
1767,9363.035767639956,5.63104201108886
1768,9368.600920148687,5.5651525087305265
1769,9374.156179174259,5.555259025572568
1770,9379.76358676564,5.607407591382506
1771,9385.278124191831,5.5145374261908735
1772,9390.620666230325,5.342542038494268
1773,9395.993427989431,5.372761759105983
1774,9401.326947852522,5.33351986309062
1775,9406.499355214928,5.1724073624061635
1776,9411.658469539045,5.159114324117464
1777,9416.848349616641,5.1898800775952765
1778,9422.02964904037,5.1812994237306995
1779,9427.186300850004,5.156651809633918
1780,9432.225904136156,5.039603286152284
1781,9437.261736102444,5.035831966288842
1782,9442.333524935162,5.071788832718003
1783,9447.375941101576,5.042416166414301
1784,9452.43039980873,5.054458707154501
1785,9457.521565498657,5.091165689926861
1786,9462.5486442841,5.027078785442844
1787,9467.522301037165,4.973656753064777
1788,9472.505686126167,4.983385089002169
1789,9477.45977970834,4.954093582173337
1790,9482.377800874134,4.91802116579315
1791,9487.361775915078,4.983975040944549
1792,9492.407914482254,5.046138567174622
1793,9497.48884835783,5.080933875576757
1794,9502.594412811795,5.105564453964388
1795,9507.728278329128,5.1338655173335015
1796,9512.853057296325,5.124778967195252
1797,9517.975507467,5.122450170674143
1798,9523.108553128566,5.13304566156637
1799,9528.230640750116,5.122087621550881
1800,9533.361566777423,5.130926027307038
1801,9538.474633739932,5.113066962508769
1802,9543.625966207395,5.1513324674631225
1803,9548.842455913944,5.216489706548507
1804,9554.113156483994,5.270700570050397
1805,9559.438407315898,5.325250831902873
1806,9564.800957426936,5.3625501110386224
1807,9570.141016789936,5.34005936299879
1808,9575.490308399694,5.349291609757898
1809,9580.860882200554,5.370573800860161
1810,9586.218331140373,5.357448939820593
1811,9591.554013616398,5.335682476025185
1812,9596.952137184862,5.398123568464037
1813,9602.31718853868,5.365051353817099
1814,9607.699582760853,5.382394222172769
1815,9613.12620261682,5.4266198559675765
1816,9618.545789412216,5.419586795395631
1817,9623.962326756327,5.416537344111692
1818,9629.311943877174,5.349617120846423
1819,9634.722684043252,5.410740166078356
1820,9639.980503889745,5.257819846491741
1821,9645.260222610159,5.279718720414149
1822,9650.547105145331,5.286882535171743
1823,9655.823772083257,5.276666937924494
1824,9661.21003576902,5.386263685762614
1825,9666.56352395379,5.353488184770471
1826,9671.945077151946,5.381553198156715
1827,9677.307072048428,5.361994896481824
1828,9682.598406349742,5.2913343013127
1829,9687.972952606613,5.374546256871667
1830,9693.422094067626,5.449141461012278
1831,9698.79541481572,5.3733207480944
1832,9704.039992288977,5.244577473257394
1833,9709.307766227943,5.2677739389661165
1834,9714.670809375042,5.363043147098912
1835,9720.082013122996,5.411203747953653
1836,9725.485138346274,5.403125223278841
1837,9730.944225625171,5.459087278897014
1838,9736.399945748242,5.455720123071543
1839,9741.801198339395,5.401252591153137
1840,9747.235348020795,5.434149681399354
1841,9752.615267946367,5.379919925571009
1842,9758.0181881259,5.402920179532679
1843,9763.50266555782,5.484477431920613
1844,9769.0173840447,5.514718486879722
1845,9774.465462697246,5.448078652544639
1846,9779.929238645247,5.463775948000892
1847,9785.34836190746,5.41912326221186
1848,9790.760799749307,5.412437841846922
1849,9796.206317588052,5.445517838744464
1850,9801.679265882574,5.47294829452162
1851,9807.154219111073,5.474953228498791
1852,9812.612477957557,5.458258846484491
1853,9818.118761603773,5.506283646216096
1854,9823.636947240797,5.518185637023746
1855,9829.194388238848,5.557440998050417
1856,9834.75430840633,5.559920167483526
1857,9840.346163428005,5.591855021674265
1858,9845.914234918862,5.568071490857651
1859,9851.49658071491,5.582345796046678
1860,9857.193962411724,5.697381696814589
1861,9862.910252197817,5.716289786093468
1862,9868.634420374674,5.724168176856642
1863,9874.324393365867,5.689972991192373
1864,9880.031800588415,5.707407222547289
1865,9885.781331943024,5.749531354609857
1866,9891.48338703536,5.702055092335111
1867,9897.159276673365,5.675889638004926
1868,9902.7552812059,5.596004532534929
1869,9908.241393340044,5.486112134143365
1870,9913.769940073436,5.52854673339154
1871,9919.211343660865,5.441403587428654
1872,9924.716646791543,5.505303130677662
1873,9930.214345526696,5.497698735153603
1874,9935.687725407528,5.4733798808311365
1875,9941.1778772187,5.490151811173489
1876,9946.650421355323,5.472544136623181
1877,9952.091783923772,5.441362568448498
1878,9957.501720915803,5.409936992032078
1879,9962.888592047786,5.3868711319834075
1880,9968.205548794174,5.3169567463884935
1881,9973.517335556404,5.311786762228948
1882,9978.808453364258,5.2911178078545404
1883,9984.049608272742,5.2411549084841305
1884,9989.320029598428,5.2704213256855335
1885,9994.552956766338,5.232927167909779
1886,9999.780978237864,5.228021471526632
1887,10005.04983021933,5.268851981465303
1888,10010.39768588098,5.347855661649228
1889,10015.810407856037,5.4127219750579725
1890,10021.288829360321,5.478421504283506
1891,10026.859307141778,5.570477781456702
1892,10032.494826439739,5.635519297961118
1893,10038.192195059848,5.69736862010962
1894,10043.94185239449,5.74965733464082
1895,10049.735498211325,5.793645816834496
1896,10055.551308592303,5.815810380977725
1897,10061.373067305143,5.821758712839805
1898,10067.1602491351,5.787181829956667
1899,10072.948833877454,5.788584742352492
1900,10078.69734759488,5.748513717426298
1901,10084.3967509422,5.699403347320259
1902,10090.066490105164,5.669739162964139
1903,10095.63601467312,5.569524567956845
1904,10101.207047006159,5.571032333038994
1905,10106.804627984116,5.597580977957356
1906,10112.473861249988,5.669233265871555
1907,10118.199094316427,5.725233066439077
1908,10123.973188327345,5.774094010918616
1909,10129.7643875313,5.791199203955308
1910,10135.562131225306,5.79774369400505
1911,10141.391235490737,5.829104265431526
1912,10147.161587099874,5.77035160913621
1913,10152.879533886466,5.717946786591285
1914,10158.590532452694,5.710998566228692
1915,10164.314846415999,5.724313963304104
1916,10170.037882105524,5.72303568952526
1917,10175.726399163646,5.688517058121973
1918,10181.448673649924,5.722274486277272
1919,10187.189662126655,5.740988476731316
1920,10192.966952865758,5.777290739101864
1921,10198.7254032081,5.758450342343025
1922,10204.454264107018,5.7288608989188585
1923,10210.172396937125,5.718132830106101
1924,10215.900335585355,5.727938648230463
1925,10221.50536102489,5.605025439535166
1926,10227.077064903553,5.571703878663336
1927,10232.587889271626,5.510824368073016
1928,10238.160388637261,5.572499365634231
1929,10243.77143555845,5.611046921189248
1930,10249.382515976677,5.6110804182270435
1931,10255.050896623017,5.668380646341347
1932,10260.66470853109,5.6138119080734095
1933,10266.270506159015,5.605797627923553
1934,10271.85806631148,5.587560152465713
1935,10277.503441556992,5.645375245511293
1936,10283.125592873552,5.62215131656008
1937,10288.734028563016,5.608435689464482
1938,10294.31415382968,5.580125266664674
1939,10299.905952731327,5.591798901647165
1940,10305.390853984147,5.4849012528195145
1941,10310.86563037818,5.4747763940341425
1942,10316.25216067904,5.3865303008580705
1943,10321.782851215614,5.530690536574778
1944,10327.379002432948,5.596151217334715
1945,10332.94605091259,5.567048479640724
1946,10338.508908640877,5.562857728287858
1947,10344.099828607837,5.590919966960975
1948,10349.670451422855,5.570622815016798
1949,10355.266655114701,5.5962036918463935
1950,10360.823580087716,5.556924973014131
1951,10366.317056787873,5.493476700158487
1952,10371.852442808608,5.5353860207336565
1953,10377.334942776377,5.482499967768661
1954,10382.726246426048,5.391303649669723
1955,10388.081386457645,5.355140031596532
1956,10393.505116204287,5.423729746643217
1957,10398.923671573331,5.418555369043675
1958,10404.260278727419,5.336607154087782
1959,10409.62568012533,5.365401397910298
1960,10414.938265163953,5.3125850386233004
1961,10420.276381459333,5.338116295379259
1962,10425.56042458461,5.284043125276573
1963,10430.858954705976,5.2985301213671985
1964,10436.0678550198,5.208900313824516
1965,10441.325677832867,5.257822813065511
1966,10446.576736285064,5.25105845219786
1967,10451.766516211068,5.189779926003588
1968,10457.017341824438,5.250825613368835
1969,10462.219215127408,5.201873302970149
1970,10467.540408789184,5.3211936617759745
1971,10472.884971123462,5.3445623342775335
1972,10478.295043183318,5.410072059856828
1973,10483.70025556849,5.405212385172921
1974,10489.105276229742,5.405020661252604
1975,10494.553785811744,5.448509582001649
1976,10500.028307244818,5.474521433073641
1977,10505.47874360687,5.4504363620504
1978,10510.969699386655,5.49095577978606
1979,10516.41735716788,5.447657781226127
1980,10521.881669854942,5.464312687061121
1981,10527.381836530263,5.50016667532229
1982,10532.924989940822,5.543153410559016
1983,10538.512881683966,5.587891743144145
1984,10544.116229525454,5.603347841488849
1985,10549.731313321408,5.615083795953759
1986,10555.37489810639,5.6435847849829
1987,10561.042171850295,5.667273743903417
1988,10566.789736956578,5.747565106282828
1989,10572.496336030907,5.706599074328274
1990,10578.235548821809,5.739212790902002
1991,10584.005353316294,5.76980449448393
1992,10589.732890690806,5.727537374511601
1993,10595.382729691299,5.649839000492482
1994,10601.046412313757,5.663682622458027
1995,10606.649835956536,5.603423642779417
1996,10612.205431575298,5.555595618761086
1997,10617.80764077934,5.60220920404215
1998,10623.4419339173,5.634293137960386
1999,10629.105971440396,5.66403752309622
